,MKT
1990-02-28,0.0
1990-03-31,-0.018464762658678847
1990-04-30,-0.18581970118362798
1990-05-31,0.16085635598732365
1990-06-30,-0.09216893307932736
1990-07-31,-0.056530438041877844
1990-08-31,-0.10502321435721501
1990-09-30,-0.012540616214389299
1990-10-31,0.14859602284032775
1990-11-30,0.0117192825671734
1990-12-31,-0.0017782920974295498
1991-01-31,-0.05326157650490531
1991-02-28,0.061570066707515525
1991-03-31,-0.035425993443845165
1991-04-30,-0.006182554686229184
1991-05-31,-0.0527136824289423
1991-06-30,-0.01060030345120457
1991-07-31,0.19136571531650903
1991-08-31,-0.0418123720592123
1991-09-30,0.027783345638910703
1991-10-31,-0.009661758700329152
1991-11-30,-0.06053205199092884
1991-12-31,-0.06151774549777808
1992-01-31,0.15720043144818302
1992-02-29,-0.09587782031764253
1992-03-31,-0.007355281874059778
1992-04-30,0.008949133008652008
1992-05-31,-0.07312489941467268
1992-06-30,-0.03197906771654661
1992-07-31,-0.07622221167747623
1992-08-31,0.10658145413239062
1992-09-30,-0.08592823813192782
1992-10-31,0.1912478505758773
1992-11-30,0.08667119339962237
1992-12-31,0.017740165757702833
1993-01-31,0.02269068284953624
1993-02-28,-0.05075175990410902
1993-03-31,0.03460365609217163
1993-04-30,0.08037211149469928
1993-05-31,0.0407559098453846
1993-06-30,-0.005174173906083026
1993-07-31,-0.024289410630577532
1993-08-31,-0.08767858574378262
1993-09-30,0.08142620221086214
1993-10-31,0.03438603853924151
1993-11-30,0.09168493338395112
1993-12-31,0.07330388935563491
1994-01-31,0.12079385836200594
1994-02-28,-0.021174465355930174
1994-03-31,-0.05701029209551411
1994-04-30,0.04251913185041535
1994-05-31,0.041701319673013715
1994-06-30,-0.005497131942951383
1994-07-31,0.0013638516380308236
1994-08-31,0.014168716884014667
1994-09-30,0.11736475629121448
1994-10-31,0.05250420173025659
1994-11-30,-0.027719188224831694
1994-12-31,-0.04380200605042271
1995-01-31,-0.07780972713465942
1995-02-28,-0.04102669162150996
1995-03-31,0.053222764569187495
1995-04-30,-0.03979606920702879
1995-05-31,-0.015395124572713517
1995-06-30,0.014008472588927082
1995-07-31,0.03990526209495488
1995-08-31,-0.02128137564113895
1995-09-30,0.07913667227187185
1995-10-31,0.0029849654749798775
1995-11-30,-0.05632418740432939
1995-12-31,-0.05076725528538416
1996-01-31,0.0187780546951323
1996-02-29,-0.028171241221217155
1996-03-31,0.02030105036310346
1996-04-30,0.1287024400719478
1996-05-31,-0.07227444084753026
1996-06-30,-0.08730911756479795
1996-07-31,-0.004024384156806265
1996-08-31,-0.039459561310899165
1996-09-30,0.010657666682368536
1996-10-31,-0.03651380333773583
1996-11-30,-0.028865766138369928
1996-12-31,-0.10057337821069628
1997-01-31,0.10373860092742063
1997-02-28,-0.014988099833858497
1997-03-31,0.006608328073070366
1997-04-30,0.039375813488498466
1997-05-31,0.058177796849669824
1997-06-30,-9.548464906463001e-06
1997-07-31,-0.023345114523656247
1997-08-31,-0.030809974857355184
1997-09-30,-0.07782050536410823
1997-10-31,-0.2607124485425111
1997-11-30,-0.11959178898755013
1997-12-31,-0.08281874815448895
1998-01-31,0.4856478385765458
1998-02-28,-0.010332861055417687
1998-03-31,-0.1136320667065568
1998-04-30,-0.12427459706377497
1998-05-31,-0.19348120479279313
1998-06-30,-0.1084180779786125
1998-07-31,0.13692940919525903
1998-08-31,-0.09457282549646058
1998-09-30,0.002741938212219036
1998-10-31,0.21851115340159277
1998-11-30,0.16108015898685318
1998-12-31,0.2374654107221883
1999-01-31,0.028906292979945205
1999-02-28,-0.08091377335231424
1999-03-31,0.18870332010664537
1999-04-30,0.22790401234088653
1999-05-31,0.0060991076632668575
1999-06-30,0.20399655920331491
1999-07-31,0.08250500456396523
1999-08-31,-0.024279484085672293
1999-09-30,-0.1175331719444917
1999-10-31,0.007281501337709601
1999-11-30,0.20411117986788896
1999-12-31,0.05334366740606661
2000-01-31,-0.14308744595262524
2000-02-29,-0.04409059049279228
2000-03-31,-0.00030491671400710574
2000-04-30,-0.18302834346972965
2000-05-31,-0.004852895523898174
2000-06-30,0.10911959256242823
2000-07-31,-0.15846253919402237
2000-08-31,-0.02739215878086093
2000-09-30,-0.11766601505610866
2000-10-31,-0.16075725351990616
2000-11-30,-0.026084386408394288
2000-12-31,-0.04204272128353886
2001-01-31,0.2948943107437282
2001-02-28,-0.05705550688329928
2001-03-31,-0.09921755208457121
2001-04-30,0.11026724491910335
2001-05-31,0.060628727533327764
2001-06-30,-0.031228045235295675
2001-07-31,-0.09403692406297101
2001-08-31,-0.009546704540246026
2001-09-30,-0.12413021620078071
2001-10-31,0.13430088013523445
2001-11-30,0.17937454590313978
2001-12-31,0.08027091428533045
2002-01-31,0.07822219320714782
2002-02-28,0.08011895483103854
2002-03-31,0.10961022307582666
2002-04-30,-0.09366726189001698
2002-05-31,-0.051806304335507376
2002-06-30,-0.07159545858778074
2002-07-31,-0.0334150390342758
2002-08-31,0.023825238073359296
2002-09-30,-0.13386809698877505
2002-10-31,0.020902144826064697
2002-11-30,0.10049040903621781
2002-12-31,-0.11639111043561325
2003-01-31,-0.052325841762038035
2003-02-28,-0.029221853306626598
2003-03-31,-0.07049267416566735
2003-04-30,0.12235565890977407
2003-05-31,0.06267961501834057
2003-06-30,0.058338485014022515
2003-07-31,0.05436944132394658
2003-08-31,0.0581588602520057
2003-09-30,-0.08210001095117328
2003-10-31,0.1129622541904229
2003-11-30,0.01588878625669297
2003-12-31,0.03613911989621809
2004-01-31,0.040765175397079904
2004-02-29,0.03532805411899434
2004-03-31,-0.0014331483390921732
2004-04-30,-0.013876844874948458
2004-05-31,-0.0720810184033815
2004-06-30,-0.019764858691989663
2004-07-31,-0.07070347996475107
2004-08-31,0.08196185021936375
2004-09-30,0.03863097595008583
2004-10-31,-0.0016954753240234293
2004-11-30,0.05161713155868124
2004-12-31,0.043955500976186584
2005-01-31,0.05386297095035473
2005-02-28,0.08179455021858048
2005-03-31,-0.047756558657922527
2005-04-30,-0.05732217922541283
2005-05-31,0.06810479998079874
2005-06-30,0.04478535260057402
2005-07-31,0.10197441777518436
2005-08-31,-0.029811341002766237
2005-09-30,0.1280488590094404
2005-10-31,-0.043881333231630404
2005-11-30,0.12964306125945235
2005-12-31,0.07221038375956941
2006-01-31,0.011887528057283981
2006-02-28,-0.019092586320429036
2006-03-31,-0.009257742136027746
2006-04-30,0.04321623721462008
2006-05-31,-0.07296318308175444
2006-06-30,-0.019966925590438164
2006-07-31,-0.0027038697258161487
2006-08-31,0.042174872822873216
2006-09-30,0.017073999057018036
2006-10-31,-0.006956462855867958
2006-11-30,0.051313466697716074
2006-12-31,0.015096675091077738
2007-01-31,-0.0517230320560699
2007-02-28,0.04117330275375686
2007-03-31,0.03290832619819157
2007-04-30,0.05990087551915582
2007-05-31,0.10221934179817843
2007-06-30,0.02871709276748213
2007-07-31,0.10232688110777644
2007-08-31,-0.03240786247262918
2007-09-30,0.03810066704690024
2007-10-31,0.056675864837966015
2007-11-30,-0.07653099492850397
2007-12-31,0.0037868600054430874
2008-01-31,-0.14217991310305822
2008-02-29,0.05537042355583291
2008-03-31,-0.00425340097410986
2008-04-30,0.0653308475753014
2008-05-31,0.01411361536526186
2008-06-30,-0.09476372105164024
2008-07-31,-0.05186252997703343
2008-08-31,-0.07901837062448672
2008-09-30,-0.021372230035177447
2008-10-31,-0.23465615692232444
2008-11-30,-0.030489278960828113
2008-12-31,0.06245594447104584
2009-01-31,0.03862214492834557
2009-02-28,-0.07845143160341037
2009-03-31,0.13835328479685124
2009-04-30,0.14022090432025014
2009-05-31,0.024248203143669055
2009-06-30,-0.01118409967542865
2009-07-31,0.11352154015338775
2009-08-31,0.022369531296231763
2009-09-30,0.045339000306818596
2009-10-31,-0.05361873093623282
2009-11-30,-0.01896638784583554
2009-12-31,0.09542433759744838
2010-01-31,-0.04655744258989142
2010-02-28,-0.0025689746620554785
2010-03-31,0.059204277763511726
2010-04-30,0.02767847351079325
2010-05-31,-0.05758738484577858
2010-06-30,0.033490784795858
2010-07-31,0.031212511433543005
2010-08-31,-0.011439008184375252
2010-09-30,0.07367440063839271
2010-10-31,0.011073659178480747
2010-11-30,0.00623438569799206
2010-12-31,0.08389484127279492
2011-01-31,0.01026298148537121
2011-02-28,-0.06034493665049484
2011-03-31,0.08445148402444844
2011-04-30,0.034929515729659244
2011-05-31,-0.024868009755827224
2011-06-30,-0.0180422911868267
2011-07-31,0.023666937872628982
2011-08-31,-0.11502887042724001
2011-09-30,-0.061275313241156225
2011-10-31,0.08015132000325743
2011-11-30,-0.0287169039172326
2011-12-31,0.001723193002074029
2012-01-31,0.06718315003767042
2012-02-29,0.03911753656214267
2012-03-31,-0.009601892091544988
2012-04-30,-0.021215712541320562
2012-05-31,-0.06502733749036872
2012-06-30,0.009182383696556844
2012-07-31,0.00984384648172389
2012-08-31,0.018738225076272534
2012-09-30,0.04660861385860964
2012-10-31,-0.04174917966475883
2012-11-30,0.008705433555047123
2012-12-31,0.03969936010790725
2013-01-31,-0.014653774245685442
2013-02-28,0.036001337333402175
2013-03-31,-0.004982641230821978
2013-04-30,-0.015759463892857185
2013-05-31,0.019624646532176732
2013-06-30,-0.07197698935864805
2013-07-31,0.031190703547825438
2013-08-31,-0.0002194516024975621
2013-09-30,0.03674278676013573
2013-10-31,0.01476066226329506
2013-11-30,0.003895611296797735
2013-12-31,-0.008048760290126198
2014-01-31,-0.02848767561022537
2014-02-28,0.020966543024647018
2014-03-31,0.004939549495323534
2014-04-30,-0.004617737486315163
2014-05-31,0.01311191576854558
2014-06-30,0.0024091830077293853
2014-07-31,0.03243096803233494
2014-08-31,0.00346672755802058
2014-09-30,-0.018696820907333173
2014-10-31,-0.025082057143163212
2014-11-30,0.002935398762393851
2014-12-31,-0.021906478419661018
2015-01-31,0.025279221561633633
2015-02-28,0.02329523163613858
2015-03-31,0.029584933528566813
2015-04-30,0.04432349680943406
2015-05-31,-0.0007797230314265224
2015-06-30,-0.010294926168369337
2015-07-31,-0.02147682523259721
2015-08-31,-0.04439446004859745
2015-09-30,0.008973924557941347
2015-10-31,0.030367705016139737
2015-11-30,-0.01529645211234748
2015-12-31,-0.0006709064843691355
2016-01-31,-0.020792473344695542
2016-02-29,-0.004092682812562608
2016-03-31,0.04340290411820895
2016-04-30,0.0017423584206741863
2016-05-31,-0.00520809732922639
2016-06-30,-0.009635680971204973
2016-07-31,0.026676887881961365
2016-08-31,-0.000868122751876161
2016-09-30,0.007570721343257011
2016-10-31,-0.026846071236707812
2016-11-30,-0.017066310686991333
2016-12-31,0.04228032496420042
2017-01-31,0.013914906165856547
2017-02-28,0.009298607244122735
2017-03-31,0.031075868453899157
2017-04-30,0.02020899748155064
2017-05-31,0.061586252005229936
2017-06-30,0.020981876933151376
2017-07-31,-0.0003338582010090881
2017-08-31,-0.012549449843845668
2017-09-30,0.011625402508889182
2017-10-31,0.0543470720586447
2017-11-30,-0.0015600916641077649
2017-12-31,0.014128385358946938
2018-01-31,0.05645231683424279
2018-02-28,-0.05549249799331661
2018-03-31,0.010479648690291195
2018-04-30,0.025396921985558353
2018-05-31,-0.031209126823949714
2018-06-30,-0.0424485371602044
2018-07-31,-0.019460164570375835
2018-08-31,0.018337126109082637
2018-09-30,0.010022463659059073
2018-10-31,-0.1458762253312702
2018-11-30,0.03844392022407506
2018-12-31,-0.01278229791512803
2019-01-31,0.07721530438222872
2019-02-28,-0.0005457599911014546
2019-03-31,-0.02003754496503277
2019-04-30,0.029412367120129134
2019-05-31,-0.07464903651693772
2019-06-30,0.03810702488648987
2019-07-31,-0.05525474612213002
2019-08-31,-0.028618311874234827
2019-09-30,0.04668867028812209
2019-10-31,0.016154974646268586
2019-11-30,-0.0038699829286420536
2019-12-31,0.06799008575951913
2020-01-31,-0.03624197918429316
2020-02-29,-0.06023958195781432
2020-03-31,-0.1090842376442806
2020-04-30,0.11432665890521534
2020-05-31,0.05229941118767593
2020-06-30,0.04032239190938067
2020-07-31,0.0722760925328368
2020-08-31,0.035204725878139165
2020-09-30,0.0022254644491046735
2020-10-31,-0.031354048569740445
2020-11-30,0.13892483949586926
2020-12-31,0.12319602041059136
2021-01-31,0.0226935595953145
2021-02-28,0.00816414834542693
2021-03-31,0.023074330303478163
2021-04-30,0.029305405444088904
2021-05-31,0.013117393012874703
2021-06-30,0.03405838000124426
2021-07-31,-0.02377872821724089
2021-08-31,-0.002940990817523962
2021-09-30,-0.03848686383191031
2021-10-31,-0.02962309142565082
2021-11-30,-0.042273897871998554
2021-12-31,0.06591076637435693
2022-01-31,-0.10834512161815243
2022-02-28,0.012556139499746702
2022-03-31,0.031235805966394706
2022-04-30,-0.026356666906133294
2022-05-31,-0.004901214673717046
2022-06-30,-0.13494835798580537
2022-07-31,0.055822183137657445
2022-08-31,0.007514172837210015
2022-09-30,-0.13287485145116207
2022-10-31,0.06061944258689893
2022-11-30,0.07353632243805162
2022-12-31,-0.0789514938249504
2023-01-31,0.08550165929137653
2023-02-28,0.006690600835815296
2023-03-31,0.03580345777380686
2023-04-30,0.007398304649980775
2023-05-31,0.027780279471834802
2023-06-30,0.0007647667014426908
2023-07-31,0.03623322443441456
2023-08-31,-0.02558341717678025
2023-09-30,-0.04459069926427183
2023-10-31,-0.0839594790095821
2023-11-30,0.11366432772991009
2023-12-31,0.05419307376516683
2024-01-31,-0.061711086140521586
2024-02-29,0.06383808982200845
2024-03-31,0.04581580847440383
2024-04-30,-0.02299522025202249
2024-05-31,-0.022079405930886423
2024-06-30,0.05380033330310423
2024-07-31,-0.014671238461293215
2024-08-31,-0.036115034936687815
2024-09-30,-0.024266769190321832
2024-10-31,-0.015832186170822615
2024-11-30,-0.04670531079195034
2024-12-31,-0.013864043739890261
2025-01-31,0.0533977655758221
2025-02-28,0.012341697398939875
2025-03-31,-0.026225044852748413
2025-04-30,0.03623234049558216
2025-05-31,0.0514576156895575
2025-06-30,0.1298061608137392
2025-07-31,0.05331509094829223
2025-08-31,-0.01622986165080954
2025-09-30,0.07407570376009825
2025-10-31,0.18201787993608107
2025-11-30,-0.03537022231456906
2025-12-31,0.06914375558934786
2026-01-31,0.2409688288091986
2026-02-28,0.17720110317520915
2026-03-31,-0.1797866357177643
